ARISHTAS & ASAVAS,,,,,,,
,,,,,,,
Medicine Name,Code,Unit,Basic Price,MRP,Loose Unit,Loose Basic Price,Loose MRP
Abhayarishtam,FGA001,450 ml,90.45,95,1 ml,0.22,0.23
Amritarishtam,FGA002,450 ml,95.2,100,1 ml,0.23,0.24
Aragwadharishtam,FGA006,450 ml,98.2,110,1 ml,0.23,0.26
Aravindasavam,FGA043,450 ml,95.2,100,1 ml,0.23,0.24
Asokarishtam,FGA004,450 ml,95.2,100,1 ml,0.23,0.24
Aswagandharishtam,FGA005,450 ml,152.35,160,1 ml,0.36,0.38
Ayaskriti,FGA003,450 ml,104.75,110,1 ml,0.25,0.26
Balamritam,FGA028,450 ml,156.25,175,1 ml,0.37,0.42
,,,,,,,
Balarishtam,FGA027,450 ml,104.75,110,1 ml,0.25,0.26
Chandanasavam,FGA012,450 ml,90.45,95,1 ml,0.22,0.23
Chavikasavam,FGA013,450 ml,114.25,120,1 ml,0.27,0.29
Chitrakasavam,FGA014,450 ml,142.85,150,1 ml,0.34,0.36
Dantyarishtam,FGA016,450 ml,90.45,95,1 ml,0.22,0.23
Dasamularishtam,FGA017,450 ml,114.25,120,1 ml,0.27,0.29
Devadarvyarishtam,FGA044,450 ml,142.85,150,1 ml,0.34,0.36
Dhanvantarish tam,FGA020,450 ml,109.5,115,1 ml,0.26,0.27
Draksharish tam,FGA019,450 ml,133.3,140,1 ml,0.32,0.33
Duralabharishtam,FGA018,450 ml,100,105,1 ml,0.24,0.25
Jirakadyarishtam,FGA015,450 ml,142.85,150,1 ml,0.34,0.36
Kanakasavam,FGA008,450 ml,90.45,95,1 ml,0.22,0.23
Khadirarishtam,FGA011,450 ml,128.55,135,1 ml,0.31,0.32
Kumaryasavam,FGA010,450 ml,104.75,110,1 ml,0.25,0.26
Kutajarishtam,FGA009,450 ml,104.75,110,1 ml,0.25,0.26
Lodhrasavam,FGA035,450 ml,114.25,120,1 ml,0.27,0.29
Lohasavam,FGA036,450 ml,104.75,110,1 ml,0.25,0.26
Madhookasavam,FGA029,450 ml,142.85,150,1 ml,0.34,0.36
Mridwikarishtam,FGA033,450 ml,138.05,145,1 ml,0.33,0.35
Mritasanj eevani Arishtam,FGA032,450 ml,109.5,115,1 ml,0.26,0.27
Mulakadyarishtam,FGA031,450 ml,169.6,190,1 ml,0.4,0.45
Mustarishtam,FGA030,450 ml,104.75,110,1 ml,0.25,0.26
Nimbarishta savam,FGA021,450 ml,133.3,140,1 ml,0.32,0.33
Parthadyarishtam,FGA022,450 ml,104.75,110,1 ml,0.25,0.26
Pippalyasavam,FGA023,450 ml,100,105,1 ml,0.24,0.25
Punarnavasavam,FGA024,450 ml,95.2,100,1 ml,0.23,0.24
Putikaranjasavam,FGA025,450 ml,123.8,130,1 ml,0.29,0.31
Putival kasavam,FGA026,450 ml,90.45,95,1 ml,0.22,0.23
Rohitkarishtam,FGA034,450 ml,90.45,95,1 ml,0.22,0.23
Saraswatarishtam,FGA047,200 ml,742.85,780,1 ml,3.79,3.98
Saraswatarishtam,FGA042,450 ml,1609.5,1690,1 ml,3.79,3.98
Saribadyasavam,FGA040,450 ml,104.75,110,1 ml,0.25,0.26
Srikhandasavam,FGA041,450 ml,90.45,95,1 ml,0.22,0.23
Sudarsanasavam,FGA046,450 ml,95.2,100,1 ml,0.23,0.24
Usirasavam,FGA007,450 ml,95.2,100,1 ml,0.23,0.24
Vasakadyarishtam,FGA037,450 ml,133.9,150,1 ml,0.32,0.36
Vidaryadyasavam,FGA038,450 ml,104.75,110,1 ml,0.25,0.26
Viswamritam,FGA039,450 ml,133.9,150,1 ml,0.32,0.36
,,,,,,,
BHASMAS,,,,,,,
,,,,,,,
Product Name,Product Code,Quantity,Price (MRP),Price (Selling),,,
Abhra Bhasmam (101)*,FGB003,1gm,80.95,85,,,
Aviltoladi Bhasmam*,FGB005,50gm,147.6,155,,,
Kalyanaksaram*,FGB007,50gm,95.2,100,,,
Palasaksaram*,FGB020,50gm,95.2,100,,,
Sankha Bhasmam*,FGB031,1gm,14.25,15,,,
Thalaka Bhasmam*,FGB017,1gm,21.9,23,,,
Thamra Bhasmam*,FGB016,1gm,38.05,40,,,
,,,,,,,
BHASAM CAPSULES,,,,,,,
,,,,,,,
Medicine Name,Code,Unit,Basic Price,MRP,Loose Unit,Basic Price,MRP
Abhrabhasmam,FGB108,100Nos,589,660,1 no,5.89,6.6
Abhrabhasmam (101),FGB132,10Nos,178.5,200,,,
Annabhedisinduram,FGB107,100Nos,258,290,1 no,2.58,2.9
Gandhakarasayanam (14),FGB114,30No,66.9,75,1 no,2.23,2.5
Gandhakarasayanam (21),FGB115,30No,71.4,80,1 no,2.38,2.67
Gandhakarasayanam (7),FGB113,30No,66.9,75,1 no,2.23,2.5
Himgula Bhasmam,FGB111,100Nos,415,465,1 no,4.15,4.65
Kantasinduram (14),FGB119,30No,75.8,85,1 no,2.53,2.83
Kannada Bhasmam Capsule,FGB101,100Nos,209,235,1 no,2.09,2.35
Kantasinduram (7),FGB109,100Nos,272,305,1 no,2.72,3.05
Lohasinduram (101),FGB118,30No,178.5,200,1 no,5.95,6.67
Lohasinduram (14),FGB116,30No,133.9,150,1 no.,4.46,5
Lohasinduram (21),FGB117,30No,133.9,150,1 no.,4.46,5
Lohasinduram (7),FGB110,100Nos,352,395,1 no.,3.52,3.95
Makaradhwajam,FGB124,30No,366,410,1 no,12.2,13.67
Mrityunjayarassam,FGB120,30No,44.6,50,1 no.,1.49,1.67
Prabhakaravati,FGB121,30No,84.8,95,1 no,2.83,3.17
Pravala Bhasmam*,FGB102,100Nos,638,670,1 no.,6.38,6.7
Rajatha Bhasmam*,FGB103,10Nos,185.5,195,1 no.,18.55,19.5
Rasasinduram,FGB104,100Nos,477,535,1 no.,4.77,5.35
Sankha Bhasmam Capsule,FGB112,100Nos,366,410,1 no,3.66,4.1
Siddhakamaradhwajam*,FGB106,10Nos,1838,1930,1 no.,183.8,193
Suvarnavangam,FGB126,30No,178.5,200,1 no.,5.95,6.67
Swarnabhasmam*,FGB105,10Nos,7519,7895,1 no.,751.9,789.5
Swayamagnisinduram,FGB127,30No,133.9,150,1 no,4.46,5
Vasantakusumakarasam,FGB122,10Nos,589,660,1 no,58.9,66
Vatagajankusaram,FGB123,30No,71.4,80,1 no,2.38,2.67
Yasada Bhasmam Capsule*,FGB125,30No,47.6,50,1 no.,1.59,1.67
,,,,,,,
CHURNAM,,,,,,,
Product Name,Product Code,Quantity,Basic Price,Price (Selling),,,
Amritameharichurnam,FGC301,10 g,20.5,23,,,
Amritameharichurnam,FGC344,50 g,75.85,85,,,
Amritameharichurnam,FGC360,150 g,223.2,250,,,
Aparajita Dhupachurnam,FGC355,50 g,61.9,65,,,
Ashtachurnam*,FGC304,10 g,21.9,23,,,
Ashtachurnam*,FGC345,50 g,85.7,90,,,
Aswagandhachurnam,FGC364,75 g,107.1,120,,,
Avalgujabijadichurnam*,FGC302,10g,21.9,23,,,
Avipathichurnam*,FGC303,10 g,21.9,23,,,
Avipathichurnam*,FGC359,50 g,85.7,90,,,
Brihatvaiswanarachurnam,FGC337,10 g,20.5,23,,,
Cheriya Karpuradichurnam*,FGC309,10 g,21.9,23,,,
Dadimashtakachurnam,FGC313,10 g,21.9,23,,,
Dadimashtakachurnam,FGC361,50 g,104.75,110,,,
Dasanakanthichurnam,FGC316,10 g,31.25,35,,,
Dasanakanthichurnam,FGC347,50 g,120.5,135,,,
Dipyakadichurnam*,FGC317,10 g,38.05,40,,,
Oushadhakkkanji churnam,FGC357,100g,125,140,,,
Eladi Churnam*,FGC306,10g,26.65,28,,,
Eladi Churnam*,FGC363,50g,119,125,,,
Guggulupanachalapachurnam*,FGC311,10g,21.9,23,,,
Hinguvachadi Churnam*,FGC341,10g,21.9,23,,,
Hinguvachadi Churnam*,FGC362,50g,104.75,110,,,
Hutabhugadi Churnam*,FGC342,10g,21.9,23,,,
Induppurnam,FGC305,10g,21.9,23,,,
Jatayamadi Churnam*,FGC201,100g,123.8,130,,,
Kachuradi Churnam*,FGC307,10g,90.45,95,,,
Kolakulathadi Churnam*,FGC351,100g,90.45,95,,,
Kottamchukkadi Churnam*,FGC202,100g,85.7,90,,,
Lakshadi Churnam,FGC335,10g,25,28,,,
Nasika Churnam*,FGC319,10g,33.3,35,,,
Navyasa Churnam*,FGC318,10g,42.85,45,,,
Nimbaharidradi Churnam*,FGC320,10g,21.9,23,,,
Nimbapatradi Churnam,FGC321,10g,20.5,23,,,
Panchagandha Churnam,FGC323,10g,20.5,23,,,
Panchakola Churnam*,FGC322,10g,21.9,23,,,
Pathadi Churnam*,FGC325,10g,21.9,23,,,
Pitaka Churnam*,FGC326,10g,21.9,23,,,
Pushyanuga Churnam*,FGC327,10g,21.9,23,,,
Rajanyadi Churnam*,FGC333,10g,21.9,23,,,
Rasnadi Churnam*,FGC334,10g,21.9,23,,,
Rasnadi Churnam*,FGC348,50g,85.7,90,,,
Saraswata Churnam*,FGC340,10g,21.9,23,,,
Sarpgandhadi Churnam,FGC338,10g,31.25,35,,,
Shadangamkwathachurnam*,FGC356,100g,90.45,95,,,
Shaddharna Churnam*,FGC343,10g,33.3,35,,,
Sitopaladi churnam*,FGC352,30g,47.6,50,,,
Talisapatradi Churnam*,FGC314,10g,21.9,23,,,
Talisapatradi Churnam*,FGC358,50g,85.7,90,,,
Thriphaladi Churnam*,FGC315,10g,21.9,23,,,
Thriphaladi Churnam*,FGC346,50g,80.95,85,,,
Valiya Karpuradi Churnam*,FGC310,10g,21.9,23,,,
Vidangadi churnam*,FGC336,10g,26.65,28,,,
Vidangatanduladi Churnam*,FGC350,50g,85.7,90,,,
Yavanyadi Churnam*,FGC331,10g,21.9,23,,,
Yogaraja Churnam*,FGC332,10g,21.9,23,,,
,,,,,,,
GHRITAM OR MEDICATED GEE,,,,,,,
Medicine Name,Code,Unit,Basic Price,MRP,,,
Amirthaprasa Ghritam*,FGG149,200g,161.9,170,,,
AsokaGhritam*,FGG150,200g,209.5,220,,,
Aswagandhadi Ghritam*,FGG161,200g,980.95,1030,,,
Brahmi Ghritam*,FGG127,150g,176.15,185,,,
Brihachagaladi Ghritam*,FGG152,200g,504.75,530,,,
Changeryadi Ghritam*,FGG108,150g,219,230,,,
Dadimadi Ghritam*,FGG110,150g,176.15,185,,,
Dehaposhana Yamakam,FGG116,150g,250,280,,,
Dhanwantaranghritam*,FGG117,150g,200,210,,,
Dhathryadi Ghritam*,FGG151,200g,228.55,240,,,
Guggulutiktaghritam*,FGG106,150g,252.35,265,,,
Indukanta Ghritam*,FGG102,150g,195.2,205,,,
Jatyadi Ghritam*,FGG109,150g,176.15,185,,,
Kalyanka Ghritam*,FGG104,150g,176.15,185,,,
Kantakari Ghritam*,FGG103,150g,190.45,200,,,
Mahakalyanaka Ghritam*,FGG128,150g,242.85,255,,,
Mahapanchagavya Ghritam*,FGG130,150g,228.55,240,,,
Mahasneham*,FGG132,150g,242.85,255,,,
Mahatiktaka Lepam (LamiTube),FGG154,20g,75.85,85,,,
Mahatiktakaghritam*,FGG129,150g,204.75,215,,,
Mahatripala Ghritam*,FGG153,200g,228.55,240,,,
Misrakasneham*,FGG134,150g,200,210,,,
Naladadi Ghritam*,FGG118,150g,195.2,205,,,
Nirgundyadi Ghritam,FGG120,150g,205.35,230,,,
Palandava Ghritam,FGG124,150g,214.25,240,,,
Panchagavya Ghritam*,FGG121,150g,180.95,190,,,
Patoladi Ghritam*,FGG122,150g,176.15,185,,,
Phalasarpsis*,FGG126,150g,190.45,200,,,
Rasnadi Ghritam,FGG135,150g,233.3,245,,,
Saraswataghritam*,FGG145,150g,176.15,185,,,
Satadhuta Ghritam (Lami Tube),FGG159,20g,89.25,100,,,
SatavaryadiGhritam*,FGG157,200g,185.7,195,,,
Sukhaprasavadighritam,FGG147,150g,209.8,235,,,
SukumaraGhritam*,FGG146,150g,266.65,280,,,
SuranadiGhritam,FGG148,150g,330.35,370,,,
TiktaGhritam*,FGG111,150g,190.45,200,,,
TripalaGhritam*,FGG114,150g,166.65,175,,,
VaranadiGhritam*,FGG138,150g,161.9,170,,,
Vasyamnyantakaghritam*,FGG137,150g,390.45,410,,,
VidaryadiGhritam*,FGG139,150g,185.7,195,,,
Vrishaghritam*,FGG160,150g,166.65,175,,,
,,,,,,,
KASHAYAM,,,,,,,
Medicine Name,Code,Unit,Basic Price,MRP,,,
Amritotharamkashayam*,FGK038,200ml,119,125,,,
Aragvadhadikashayam*,FGK045,200ml,128.55,135,,,
Ardhavilvamkashayam*,FGK042,200ml,128.55,135,,,
Ashtavargamkashayam*,FGK001,200ml,133.3,140,,,
Balaguluchiyadikashayam*,FGK015,200ml,104.75,110,,,
Balajirakadikashayam*,FGK016,200ml,114.25,120,,,
Balapunarnavadikashayam*,FGK017,200ml,119,125,,,
Bhadradarvadiyashayam*,FGK019,200ml,128.55,135,,,
Bhadradi Kashayam (Garbharakshakashayam),FGK005,200ml,125,140,,,
Bramihndradikashayam*,FGK056,200ml,157.1,165,,,
Brihatyadikashayam*,FGK018,200ml,119,125,,,
Chandanosiradikashayam*,FGK048,200ml,176.15,185,,,
Chandrasuradikashayam,FGK007,200ml,125,140,,,
Cheriya Rasnadi Kashayam*,FGK022,200ml,209.5,220,,,
Chiruvilvadikashayam,FGK008,200ml,171.4,180,,,
Dasamulakututrayadi Kashayam,FGK009,200ml,147.6,155,,,
Dasamulkashayam*,FGK061,200ml,133.3,140,,,
Dasamulapanchakoladi Kashayam*,FGK052,200ml,157.1,165,,,
Dhanadanayanadi Kashayam*,FGK054,200ml,171.4,180,,,
DhanvantararamKashayam*,FGK011,200ml,161.9,170,,,
Drakshadi Kashayam*,FGK010,200ml,171.4,180,,,
Dusparsakadikashayam*,FGK053,200ml,171.4,180,,,
Elakanadi Kashayam*,FGK078,200ml,176.15,185,,,
Gandharvastadhikashayam*,FGK039,200ml,119,125,,,
GulguluthikthamKashayam*,FGK006,200ml,209.5,220,,,
Guluchyadi Kashayam*,FGK062,200ml,195.2,205,,,
IndukantamKashayam*,FGK002,200ml,133.3,140,,,
Jivantyadi Kashayam*,FGK049,200ml,176.15,185,,,
Kalasakadikashayam,FGK004,200ml,107.1,120,,,
Katakakhadiradikashayam*,FGK003,200ml,114.25,120,,,
KhadiradaskamKashayam*,FGK074,200ml,171.4,180,,,
KhudaharamKashayam,FGK072,200ml,165.15,185,,,
KokilakshamKashayam*,FGK063,200ml,114.25,120,,,
Kulathadi Kashayam,FGK059,200ml,125,140,,,
Lasunairandadikashayam*,FGK024,200ml,128.55,135,,,
MahatiktamKashayam*,FGK020,200ml,223.8,235,,,
Manjishthadikwathambrihatj*,FGK060,200ml,176.15,185,,,
Mulakadi Kashayam,FGK021,200ml,205.35,230,,,
Musalikhadiradikashayam*,FGK041,200ml,104.75,110,,,
Mustadi Marma Kashayam,FGK067,200ml,183,205,,,
Nayopayam Kashayam*,FGK055,200ml,166.65,175,,,
Nimbadi Kashayam*,FGK040,200ml,128.55,135,,,
Nimbamritadi panchtiktam Kashayam*,FGK064,200ml,171.4,180,,,
Nisakathakadi Kashayam*,FGK070,200ml,104.75,110,,,
Nisothamadi Kashayam*,FGK075,200ml,157.1,165,,,
Pachanamritham Kashayam*,FGK076,200ml,176.15,185,,,
PathyakshadhathryadiKashayam*,FGK012,200ml,133.3,140,,,
Patolaturorhinyadi Kashayam*,FGK013,200ml,200,210,,,
Patolamuladi Kashayam*,FGK077,200ml,176.15,185,,,
Prasparanyadi Kashayam*,FGK014,200ml,128.55,135,,,
Punarnavadi Kashayam*,FGK044,200ml,128.55,135,,,
Rasnasaptakam Kashayam*,FGK065,200ml,133.3,140,,,
Rasonadikashayam*,FGK071,200ml,204.75,215,,,
Sahacharabaladi Kashayam,FGK035,200ml,111.6,125,,,
Sahacharadi Kashayam*,FGK034,200ml,128.55,135,,,
Saptasaram Kashayam*,FGK057,200ml,142.85,150,,,
Shadangam Kashayam*,FGK058,200ml,200,210,,,
Sitajwarari kashayam,FGK032,200ml,107.1,120,,,
Sonitamritam Kashayam,FGK033,200ml,107.1,120,,,
Sukumaram Kashayam*,FGK036,200ml,142.85,150,,,
Tiktakam Kashayam*,FGK050,200ml,185.7,195,,,
Vairyadi Kashayam,FGK073,200ml,138.35,155,,,
Vajrakam Kashayam*,FGK026,200ml,119,125,,,
Valiya Rasnadi Kashayam*,FGK023,200ml,209.5,220,,,
Varadi Kashayam*,FGK027,200ml,114.25,120,,,
Varanadi Kashayam*,FGK025,200ml,119,125,,,
Varavisaladi Kashayam*,FGK068,200ml,233.3,245,,,
Vasaguluchyadi Kashayam*,FGK028,200ml,114.25,120,,,
Vidaryadi Kashayam*,FGK029,200ml,138.05,145,,,
Virataradi Kashayam*,FGK037,200ml,104.75,110,,,
Vizhalveradi Kashayam*,FGK030,200ml,128.55,135,,,
Vyaghrryadi Kashayam*,FGK031,200ml,128.55,135,,,
Vyoshadi Kashayam*,FGK069,200ml,119,125,,,
,,,,,,,
KWATHAM,,,,,,,
Medicine Name,Code,Unit,Basic Price,MRP,Loose Unit,Basic Price,MRP
Amritotharam Kwatham/Ilayadi Kwatham*,FGK151,100Nos,357,375,1 no,3.57,3.75
Aragvadhi Kwatham*,FGK135,100Nos,366,385,1 no,3.66,3.85
Ashtavargam Kwatham*,FGK130,100Nos,338,355,1 no,3.38,3.55
Balaguluchyadi Kwatham,FGK123,100Nos,312,350,1 no,3.12,3.5
Balajirakadi Kwatham,FGK141,100Nos,404,425,1 no,4.04,4.25
Bhadradi kwatham (Garbharakshakwatham),FGK145,100Nos,450,505,1 no,4.5,5.05
Brihatyadi Kwatham*,FGK152,100Nos,571,600,1 no,5.71,6
Chiruvilwadi Kwatham*,FGK153,100Nos,476,500,1 no,4.76,5
Dasamulakututrayadi Kwatham*,FGK131,100Nos,452,475,1 no,4.52,4.75
Dhanvantaram Kwatham*,FGK124,100Nos,452,475,1 no,4.52,4.75
Drakshadi Kwatham*,FGK139,100Nos,480,505,1 no,4.8,5.05
Dusparsakadi Kwatham*,FGK147,100Nos,504,530,1 no,5.04,5.3
Gandharvasthadi Kwatham*,FGK154,100Nos,380,400,1 no,3.8,4
Guggulutiktam Kwatham*,FGK125,100Nos,661,695,1 no,6.61,6.95
Guluchyadi Kwatham*,FGK149,100Nos,509,535,1 no,5.09,5.35
Indukantam Kwatham*,FGK126,100Nos,380,400,1 no,3.8,4
Katakakhadiradi Kwatham*,FGK144,100Nos,361,380,1 no,3.61,3.8
Manasnaradi Kwatham*,FGK127,100Nos,661,695,1 no,6.61,6.95
Mahatiktam kwatham*,FGK138,100Nos,657,690,1 no,6.57,6.9
Manjishthadi kwatham (Brihat)*,FGK143,100Nos,604,635,1 no,6.04,6.35
Nimbamritadi panchtiktam*,FGK136,100Nos,404,425,1 no,4.04,4.25
Nisakatakadi Kwatham*,FGK155,100Nos,333,350,1 no,3.33,3.5
Patolatorohinyadi Kwatham*,FGK128,100Nos,619,650,1 no,6.19,6.5
Prasarinydi Kwatham*,FGK134,100Nos,400,420,1 no,4,4.2
Punarnavadi Kwatham*,FGK140,100Nos,442,465,1 no,4.42,4.65
Rasnainradi Kwatham*,FGK122,100Nos,661,695,1 no,6.61,6.95
Sahacharadi kwatham*,FGK142,100Nos,366,385,1 no,3.66,3.85
Saptasaram Kwatham*,FGK148,100Nos,366,385,1 no,3.66,3.85
Seetajwarari Kwatham,FGK129,100Nos,321,360,1 no,3.21,3.6
Sukumaram kwatham*,FGK133,100Nos,395,415,1 no,3.95,4.15
Tiktakam Kwatham*,FGK137,100Nos,500,525,1 no,5,5.25
Varanadi Kwatham*,FGK132,100Nos,300,315,1 no,3,3.15
Vajrakam Kwatham*,FGK156,60Nos,209.5,220,,,
Vidaryadi Kwatham*,FGK146,100Nos,404,425,1 no,4.04,4.25
Mustadimarma Kwatham,FGK150,100Nos,491,550,1 no,4.91,5.5
,,,,,,,
,,,,,,,
Medicine Name,Code,Unit,Basic Price,MRP,Loose Unit,Basic Price,MRP
AbhayamritaRasayanam,FGL103,200g,84.8,95,1 g,0.43,0.48
Agasthya Rasayanam*,FGL101,200g,95.2,100,1 g,0.48,0.5
Agasthya Rasayanam*,FGL154,500g,190.45,200,,,
AjiswagandhadiLeham,FGL104,500g,258.9,290,1 g,0.52,0.58
Amrasara Rasayanam,FGL105,200g,107.1,120,1 g,0.54,0.6
Brahma Rasayanam*,FGL128,500g,204.75,215,1 g,0.41,0.43
Cheriya Chinchadi Leham*,FGL111,200g,128.55,135,1 g,0.65,0.68
Cheriya MadhusnuhiRasayanam*,FGL129,200g,104.75,110,1 g,0.53,0.55
Chitrakaleham*,FGL113,200g,228.55,240,1 g,1.15,1.2
Chyavanaprasam,FGL114,500g,242.85,255,,,
Dantharihaki Leham*,FGL119,200g,152.35,160,1 g,0.77,0.8
DasamulaRasayanam,FGL156,50g,53.55,60,1 g,1,1.2
DasamulaRasayanam,FGL120,200g,178.55,200,1 g,0.9,1
Dasamulaharitaki Leham*,FGL121,200g,90.45,95,1 g,0.46,0.48
Drakshadi Leham*,FGL122,200g,171.4,180,1 g,0.86,0.9
Gandharaja Rasayanam*,FGL110,200g,385.7,405,1 g,1.93,2.03
Haridrakhandam*,FGL147,100g,85.7,90,,,
Haridramrichadi Leham*,FGL152,200g,152.35,160,,,
Haritakyadi Rasayanam,FGL102,200g,107.1,120,1 g,0.54,0.6
HinguTriguna Leham*,FGL142,200g,166.65,175,1 g,0.84,0.88
Kalyanamgula*,FGL106,200g,90.45,95,1 g,0.46,0.48
Kusamanda Rasayanam*,FGL109,200g,104.75,110,1 g,0.53,0.55
Kusamanda Rasayanam*,FGL161,500g,233.3,245,,,
Kutajatwagadi Leham,FGL108,200g,104.75,110,1 g,0.53,0.55
Laxakot,FGL151,200g,120.5,135,1 g,0.61,0.68
Mahavilwadi Leham,FGL131,200g,93.75,105,1 g,0.47,0.53
Manibhadra Leham*,FGL132,200g,95.2,100,1 g,0.48,0.5
Manibhadra Leham*,FGL159,50g,33.3,35,,,
Mridwikadi Leham*,FGL133,200g,114.25,120,1 g,0.58,0.6
Mridwikadi Leham*,FGL123,200g,128.55,135,,,
Narasimha Rasayanam*,FGL145,500g,285.7,300,1 g,0.58,0.6
Narayanagulam,FGL124,200g,178.55,200,1 g,0.9,1
Panchajirakagudam*,FGL160,500g,271.4,285,,,
Parushakadi Leham,FGL125,200g,147.3,165,1 g,0.74,0.83
Pulileham (pulimkuzhampu)*,FGL127,50gm,85.7,90,-,-,-
Punarnavamanduram*,FGL126,200g,90.45,95,1 g,0.46,0.48
Satavarigulam*,FGL138,200g,128.55,135,1 g,0.65,0.68
Satavarigulam*,FGL146,500g,285.7,300,1 g,,
Stanyajanana Rasayanam,FGL139,200g,107.1,120,1 g,0.54,0.6
Sukumara Leham*,FGL140,200g,171.4,180,1 g,0.86,0.9
Svasahara Leham,FGL107,200g,138.35,155,1 g,0.7,0.78
Talisapatradi Leham*,FGL117,200g,90.45,95,1 g,0.46,0.48
Talisapatradi Vatakarn*,FGL149,100g,80.95,85,,,
Trivril Leham*,FGL155,50g,33.3,35,,,
Trivril Leham*,FGL118,200g,114.25,120,1 g,0.58,0.6
Valiya Chinchadi Leham*,FGL112,200g,160.7,180,1 g,0.81,0.9
Valiya Madhusnuhi Rasayanam*,FGL130,200g,133.3,140,1 g,0.67,0.7
Vanasuranadi Leham,FGL141,200g,89.25,100,1 g,0.45,0.5
Vasishta Rasayanam*,FGL134,200g,95.2,100,1 g,0.48,0.5
Vidaryadi Leham,FGL135,500g,281.25,315,1 g,0.57,0.63
Vilwadi Leham*,FGL136,200g,119,125,1 g,0.6,0.63
Vyaghrryadi Leham*,FGL137,200g,138.05,145,1 g,0.7,0.73
Vyoshadi Vatakam*,FGL143,100g,80.95,85,-,-,-
,,,,,,,
TAILAM,,,,,,,
Medicine Name,Code,Unit,Basic Price,MRP,Loose Unit,Basic Price,MRP
Adithyapaka Tailam*,FG0010,200ml,119,125,1ml,0.6,0.63
Adithyapaka Tailam*,FG0194,50gm,49.1,55,,,
Agnivirana Tailam,FG0159,200gm,156.25,175,1 g,0.79,0.88
Amritadi Tailam*,FG0002,200ml,133.3,140,1 ml,0.67,0.7
Anu Tailam*,FG0001,10ml,85.7,90,-,-,-
Aranyatulsyadi Kera Tailam,FG0012,200ml,133.9,150,1 ml,0.67,0.75
Arimedadi Tailam,FG0004,200ml,152.35,160,1 ml,0.77,0.8
Arukuladi Tailam*,FG0011,200ml,138.05,145,1 ml,0.7,0.73
Asanailadi Kera Tailam,FG0147,200ml,174.1,195,1 ml,0.88,0.98
Asanadi Tailam*,FG0009,200ml,183,205,1 ml,0.92,1.03
Asanamanjishthadi Tailam,FG0008,200ml,156.25,175,1 ml,0.79,0.88
Asanavilwadi Keratailam*,FG0146,200ml,138.05,145,1 ml,0.7,0.73
Asanavaladi Tailam*,FG0007,200ml,142.85,150,1 ml,0.72,0.75
Aswagandhadi Yamakam,FG0006,200ml,160.7,180,1 ml,0.81,0.9
Ayyappala Kera Tailam,FG0166,200ml,156.25,175,1 ml,0.79,0.88
Ayyappala Kera Tailam,FG0205,500ml,379.45,425,,,
Bala Tailam*,FG0164,10ml,61.9,65,,,
Baladhathryadi Tailam*,FG0093,200ml,247.6,260,1 ml,1.24,1.3
Balaguluchyadi Kera Tailam*,FG0151,200ml,133.3,140,1 ml,0.67,0.7
Balaguluchyadi Tailam*,FG0091,200ml,142.85,150,1 ml,0.72,0.75
BalaHatadi Tailam*,FG0096,200ml,142.85,150,1 ml,0.72,0.75
Balathathadi keratatailam*,FG0187,200ml,157.1,165,1 ml,0.79,0.83
Balasodhini Tailam,FG0178,50ml,49.1,55,1 ml,-,-
Balaswagandhadi kuzhampu*,FG0094,200ml,195.2,205,1 ml,0.98,1.03
Balaswagandhadi Tailam*,FG0095,200ml,200,210,1 ml,1,1.05
Brahmhee Tailam,FG0098,200ml,129.45,145,1 ml,0.65,0.73
Chemparuthyadi Kera Tailam,FG0041,200ml,133.9,150,1 ml,0.67,0.75
Chemparuthyadi Kera Tailam,FG0203,500ml,325.85,365,,,
Cheriya Bhringamaladi Tailam*,FG0099,200ml,166.65,175,1 ml,0.84,0.88
Cheriya Chandanadi Tailam*,FG0037,200ml,147.6,155,1 ml,0.74,0.78
Cheriya Chinchadi Tailam*,FG0039,200ml,138.05,145,1 ml,0.7,0.73
Cheriya Lakshadi Tailam*,FG0114,200ml,161.9,170,1 ml,0.81,0.85
Cheriya Narayana Tailam*,FG0065,200ml,285.7,300,1 ml,1.43,1.5
Cheriya Prasarani Tailam*,FG0089,200ml,176.15,185,1 ml,0.89,0.93
Cheriya Sahacharadi Tailam*,FG0130,200ml,176.15,185,1 ml,0.89,0.93
Dhanvantaram Mezhukupakam,FG0177,200ml,238.05,250,1 ml,1.2,1.25
Dhanwantaram kuzhampu*,FG0054,200ml,171.4,180,1 ml,0.86,0.9
Dhanwantaram kuzhampu*,FG0173,500ml,395.2,415,,,
Dhanwantaram Tailam*,FG0055,200ml,200,210,1 ml,1,1.05
Dhanwantaram Tailam*,FG0172,500ml,461.9,485,-,-,-
Dhanwantaram tailam (21)*,FG0180,50ml,195.2,205,-,-,-
Dhanwantaram Tailam (7)*,FG0179,50ml,138.05,145,,,
Dhanwantharam (101)*,FG0061,10ml,138.05,145,-,-,-
Dhurdhooradi Tailam*,FG0062,200ml,142.85,150,1 ml,0.72,0.75
Dhurdhurapatradi Kera Tailam*,FG0063,200ml,190.45,200,1 ml,0.96,1
Dinesavalyadi Kera Tailam,FG0193,200ml,157.1,165,1 ml,0.79,0.83
Dinesavalyadi Kuzhampu*,FG0052,200ml,147.6,155,1 ml,0.74,0.78
Durvadi Kera Tailam,FG0053,200ml,142.85,160,1 ml,0.72,0.8
Eladi Kera Tailam*,FG0014,200ml,200,210,1 ml,1,1.05
Eladi Kera Tailam*,FG0200,500ml,485.7,510,,,
Eladi Tailam*,FG0013,200ml,200,210,1 ml,1,1.05
Gandha Tailam*,FG0163,10ml,90.45,95,,,
Gandhakatailam,FG0188,50ml,31.25,35,-,-,-
Gandharvahastadi Erandatailam*,FG0196,50ml,38.05,40,,,
Gandharvahastadi Erandatailam*,FG0036,200ml,133.3,140,1 ml,0.67,0.7
 Himgutriguna Tailam*,FG0139,200ml,271.4,285,1 ml,1.36,1.43
Himgutriguna Tailam*,FG0138,200ml,257.1,270,1 ml,1.29,1.35
Jathyadi Kera Tailam*,FG0042,200ml,142.85,150,1 ml,0.72,0.75
Jivantyadi yamakam*,FG0197,50ml,42.85,45,,,
Jivantyadi yamakam*,FG0044,200ml,142.85,150,1 ml,0.72,0.75
Kadalipladi Tailam,FG0017,200ml,111.6,125,1 ml,0.56,0.63
Karpasasthyadi Kuzhampu*,FG0021,200ml,142.85,150,1 ml,0.72,0.75
Karpasasthyadi Tailam*,FG0020,200ml,152.35,160,1 ml,0.77,0.8
Karpuradi Tailam,FG0019,200ml,142.85,160,1 ml,0.72,0.8
Karpuradi Tailam,FG0201,500ml,348.2,390,,,
Kayyanyadi Kera Tailam*,FG0148,200ml,166.65,175,1 ml,0.84,0.88
Kayyanyadi Tailam*,FG0018,200ml,147.6,155,1 ml,0.74,0.78
Khajjita Pinda Tailam,FG0195,50gm,71.4,80,,,
Khajjita Pinda Tailam,FG0161,200gm,232.1,260,1 g,1.17,1.3
Kimsukapatradi Kera Tailam,FG0022,200ml,129.45,145,1 ml,0.65,0.73
Kottamchukkadi Tailam*,FG0025,200ml,142.85,150,1 ml,0.72,0.75
Kottamchukkadi Tailam*,FG0202,500ml,347.6,365,,,
Ksharatatailam*,FG0206,10ml,38.05,40,,,
Ksharatatailam*,FG0181,50ml,71.4,75,,,
Kshirabala (101)*,FG0033,10ml,119,125,-,-,-
Kshirabala (21)*,FG0183,50ml,195.2,205,,,
Kshirabala (7)*,FG0182,50ml,133.3,140,,,
Kshirabalatailam*,FG0027,200ml,176.15,185,1 ml,0.89,0.93
Kunkumadi Tailam*,FG0023,10ml,480.95,505,-,-,-
Kuntalakantaitailam,FG0024,200ml,227.65,255,1 ml,1.14,1.28
Lakshadi Kuzhampu*,FG0116,200ml,166.65,175,1 ml,0.84,0.88
Lakshadi Kera Tailam*,FG0117,200ml,176.15,185,1 ml,0.89,0.93
Madhudyastyadi Tailam*,FG0102,200ml,209.5,220,1 ml,1.05,1.1
Mahabala Tailam*,FG0105,200ml,323.8,340,1 ml,1.62,1.7
Mahakukkutamsaka Tailam*,FG0104,200ml,314.25,330,1 ml,1.58,1.65
Mahamasha Tailam*,FG0106,200ml,342.85,360,1 ml,1.72,1.8
Mahaprasarani Tailam*,FG0165,10ml,95.2,100,,,
Mahavajraka Tailam*,FG0108,200ml,152.35,160,1 ml,0.77,0.8
Malatyadi Tailam*,FG0109,200ml,157.1,165,1 ml,0.79,0.83
Malatyadi Kera Tailam*,FG0152,200ml,157.1,165,1 ml,0.79,0.83
Manjishthadi Tailam*,FG0101,200ml,142.85,150,1 ml,0.72,0.75
Marichadi Tailam,FG0103,200ml,120.5,135,1 ml,0.61,0.68
Murivenna,FG0145,200ml,142.85,160,1 ml,0.72,0.75
Murivenna,FG0176,500ml,330.35,370,,,
Nagaradi Tailam*,FG0064,200ml,261.9,275,1 ml,1.31,1.38
Nalpamradi Kera Tailam*,FG0068,200ml,157.1,165,1 ml,0.79,0.83
Nalparmadi Tailam*,FG0067,200ml,157.1,165,1 ml,0.79,0.83
Nasarsastailam,FG0184,50ml,35.7,40,,,
Nilibhringadi Keratailam*,FG0075,200ml,219,230,1 ml,1.1,1.15
Nilibhringadi Keratailam*,FG0204,500ml,533.3,560,,,
Nilibhringadi Tailam*,FG0074,200ml,219,230,1 ml,1.1,1.15
Nilidaladi Kera Tailam,FG0076,200ml,125,140,1 ml,0.63,0.7
Nimbadi Tailam,FG0070,200ml,174.1,195,1 ml,0.88,0.98
Nimbamritadi Eranda Tailam*,FG0198,50ml,52.35,55,,,
Nimbamritadi Eranda Tailam*,FG0072,200ml,176.15,185,1 ml,0.89,0.93
Nimbamritadi Tailam*,FG0071,200ml,200,210,1 ml,1,1.05
Nisosirardi Tailam,FG0073,200ml,228.55,240,1 ml,1.15,1.2
Nonganadi Eranda Tailam*,FG0077,200ml,138.05,145,1 ml,0.7,0.73
Palandavairanda Tailam,FG0084,200ml,133.9,150,1 ml,0.67,0.75
Pamanthaka Tailam,FG0082,200ml,125,140,1 ml,0.63,0.7
Panchamla Tailam,FG0079,200ml,142.85,160,1 ml,0.72,0.8
Panchavalkadi Kera Tailam*,FG0150,200ml,147.6,155,1 ml,0.74,0.78
Panchavalkadi Tailam*,FG0078,200ml,142.85,150,1 ml,0.72,0.75
Paranthyadi Kera Tailam,FG0083,200ml,183,205,1 ml,0.92,1.03
Parintakekshiriradadi Tailam*,FG0081,200ml,176.15,185,1 ml,0.89,0.93
Pinda Tailam,FG0085,200ml,165.15,185,1 ml,0.83,0.93
Pinda Tailam,FG0174,500ml,375,420,-,-,-
Prabhinjanavimardanamkuzhambu*,FG0088,200ml,166.65,175,1 ml,0.84,0.88
Prapundarikadi Tailam*,FG0087,200ml,147.6,155,1 ml,0.74,0.78
Punarnavadi Tailam,FG0086,200ml,138.35,155,1 ml,0.7,0.78
Rasnadasamooladi Tailam,FG0113,200ml,138.35,155,1 ml,0.7,0.78
Rasnadi Tailam,FG0112,200ml,133.9,150,1 ml,0.67,0.75
Sahacharadi (Mezhukupakam/Chikkanapakam)*,FG0190,200ml,242.85,255,1 ml,1.22,1.28
Sahacharadi Kuzhampu*,FG0175,500ml,452.35,475,-,-,-
Sahacharadi kuzhampu* (7),FG0134,200ml,195.2,205,1 ml,0.98,1.03
Sahacharadi Tailam (7)*,FG0185,50ml,138.05,145,,,
Sudhabala Tailam*,FG0127,200ml,142.85,150,1 ml,0.72,0.75
Surasadi Tailam*,FG0136,200ml,171.4,180,1 ml,0.86,0.9
Tekarajatayadi Tailam*,FG0048,200ml,200,210,1 ml,1,1.05
Thenginghpushpadi Tailam*,FG0045,200ml,176.15,185,1 ml,0.89,0.93
Thriphaladi Kera Tailam,FG0149,200ml,171.4,180,1 ml,0.86,0.9
Thriphaladi Tailam,FG0051,200ml,157.1,165,1 ml,0.79,0.83
Thulasyadi Tailam*,FG0047,200ml,152.35,160,1 ml,0.77,0.8
Thungadrumadi Tailam*,FG0046,200ml,285.7,300,1 ml,1.43,1.5
Trivritasneham,FG0050,200ml,80.35,90,1 ml,0.41,0.45
Vschadi Tailam*,FG0118,200ml,142.85,150,1 ml,0.72,0.75
Valachalasunadi keratailam*,FG0207,10ml,33.3,35,,,
Valachalasunadi keratailam*,FG0186,50ml,47.6,50,,,
Vajreka Tailam*,FG0120,200ml,142.85,150,1 ml,0.72,0.75
Valiya Amritadi Tailam,FG0003,200ml,209.8,235,1 ml,1.05,1.18
Valiya Arimedastailam*,FG0005,200ml,200,210,1 ml,1,1.05
Valiya Bhringamaladi Tailam*,FG0100,200ml,165.15,185,1 ml,0.83,0.93
Valiya Chandanadi Tailam*,FG0038,200ml,285.7,300,1 ml,1.43,1.5
Valiya Chinchadi Tailam*,FG0040,200ml,157.1,165,1 ml,0.79,0.83
Valiya Lakshadi Tailam,FG0115,200ml,190.45,200,1 ml,0.96,1
Valiya Narayana Tailam*,FG0066,200ml,252.35,265,1 ml,1.27,1.33
Valiya Prasarani Tailam*,FG0090,200ml,323.8,340,1 ml,1.62,1.7
Valiya Sahacharadi Tailam*,FG0133,200ml,195.2,205,1 ml,0.98,1.03
Vatamardhanam Kuzhampu,FG0121,200ml,111.6,125,1 ml,0.56,0.63
Vatasani Tailam*,FG0122,200ml,223.8,235,1 ml,1.12,1.18
Venupatradi Kera Tailam,FG0125,200ml,245.5,275,1 ml,1.23,1.38
Vilwampachotyadi Tailam*,FG0124,200ml,171.4,180,1 ml,0.86,0.9
Vilwapathradi Tailam,FG0123,200ml,178.55,200,1 ml,0.9,1
Vlranaropana Tailam,FG0126,200ml,142.85,160,1 ml,0.72,0.8
Yashtimadhukadi Keratailam,FG0110,200ml,107.1,120,1 ml,0.54,0.6
Yuvatyadi Tailam,FG0111,200ml,227.65,255,1 ml,1.14,1.28
,,,,,,,
,,,,,,,
Medicine Name,Code,Unit,Basic Price,MRP,Loose Unit,Basic Price,MRP
Bala Tailam*,FG0170,100Nos,395,415,1 no,3.95,4.15
Dhanvantaram (101)*,FG0168,100Nos,619,650,1no,6.19,6.5
Gandha Tailam*,FG0169,100Nos,538,565,1no,5.38,5.65
Gandharvahastadi Eranda Tailam,FG0208,100Nos,491,550,1no,4.91,5.5
Kshirabala (101)*,FG0167,100Nos,576,605,1 no,5.76,6.05
Mahajaraprasarani Tailam*,FG0171,100Nos,571,600,1no,5.71,6
,,,,,,,
,,,,,,,
GHRITHAM SOFT GEL CAPSULES,,,,,,,
,,,,,,,
Medicine Name,Code,Unit,Basic Price,MRP,Loose Unit,Basic Price,MRP
Guggulu tiktata ghritam,FGG164,100Nos,625,700,1 g,6.25,7
Maha tiktaka ghritam,FGG165,100Nos,580,650,1 g,5.8,6.5
Misrakasneham,FGG166,100Nos,446,500,1 g,4.46,5
,,,,,,,
RASAKRIYAS,,,,,,,
,,,,,,,
Medicine Name,Code,Unit,Basic Price,MRP,Loose Unit,Basic Price,MRP
Elaneer Kuzhampu*,FGR001,10ml,71.4,75,-,-,-
Kachayanam Kuzhampu*,FGR003,10ml,76.15,80,-,-,-
Nayanamritam Kuzhampu*,FGR004,10ml,752.35,790,-,-,-
Nethramritam,FGR007,10ml,40.15,45,-,-,-
Samksritamadhu,FGR006,250gm,129.45,145,1 g,0.52,0.58
,,,,,,,
GULIKA OR PILLS,,,,,,,
Medicine Name,Code,Unit,Basic Price,MRP,Loose Unit,Basic Price,MRP
Agnikumararn Gulkika*,FGT001,100Nos,190,200,1 no,1.9,2
Arogya vardhini Gulika*,FGT064,30No,71.4,75,,,
Asalyadi Gulika,FGT005,100Nos,178,200,1 no,1.78,2
Brihalkasthoori bhairavam*,FGT029,100Nos,4057,4260,1 no,40.57,42.6
Brihathvatha Chintamanirasam,FGT073,10Nos,1714,1920,,,
Bukthanjaari Gulika*,FGT030,100Nos,390,410,1 no,3.9,4.1
Chandraprabha Vatika*,FGT017,100Nos,261,275,1 no,2.61,2.75
Cheriya Anthrakudararn gulika,FGT003,100Nos,178,200,1 no,1.78,2
Chukkumthippalyadi Gulika*,FGT019,100Nos,185,195,1 no,1.85,1.95
Dhanwantaram Gulika*,FGT022,100Nos,190,200,1 no,1.9,2
Dushvishari Gulika,FGT066,30Nos,85.7,90,,,
Gopeechandanadi Gulika,FGT014,100Nos,178,200,1 no,1.78,2
Gorohanadi Gulika,FGT015,100Nos,1901,2130,1 no,19.01,21.3
Guggulupanchalapachurnam Tablet,FGT071,100Nos,142,150,1 no,1.42,1.5
Himguadi Gulika*,FGT065,30Nos,104,110,,,
Hridaryarnavarasam Gulika*,FGT053,100Nos,242,255,1no,2.42,2.55
Kaisora Guggulu Vatika*,FGT011,100Nos,361,380,1 no,3.61,3.8
Kaivishparihari Gulika,FGT010,1no,185.1,185,-,-,-
Kanchanara Guggulu,FGT060,100Nos,227,255,1 no,2.27,2.55
Kankayanam Gulika*,FGT007,100Nos,338,355,1 no,3.38,3.55
Karutha Gulika*,FGT006,100nos,480,505,1 no,4.8,5.05
Krimighna Vatika,FGT008,100nos,241,270,1 no,2.41,2.7
Krimisodhini,FGT009,100nos,214,240,1 no,2.14,2.4
Lakshmivilasarasam (Naradiyam),FGT061,100nos,258,280,1 no,2.58,2.8
Lakshaguggulu Tablet,FGT069,60nos,114,120,,,
Mahadhanwantaram Tablet (Garbharakshini),FGT074,100nos,178,200,1 no,1.78,2
Mahasudarsanam Tablet,FGT013,30nos,89,100,,,
Manasamrita Vatakam*,FGT034,100nos,3657,3840,1 no,36.57,38.4
Mandoora Vatakam*,FGT031,100nos,400,420,1 no,4,4.2
Mukkamukkatuvadi Gulika*,FGT035,100nos,185,195,1 no,1.85,1.95
Nirgundyadi Gulika*,FGT023,100nos,178,200,1 no,1.78,2
Niruryadi Gulika*,FGT024,100nos,247,260,1 no,2.47,2.6
Patadi Gulika,FGT026,100nos,183,205,1 no,1.83,2.05
Patupanchakadi Gulika*,FGT025,100nos,400,420,1 no,4,4.2
Punarnavadi Manduram,FGT059,30No,58,65,1 no,1.93,2.17
Rajahprvarthini Vati,FGT062,30No,66.9,75,1 no,2.23,2.5
Saptamritalaulam Tablet,FGT070,60nos,85.5,90,,,
Sarpagandhadi Gulika,FGT047,100nos,241,270,1 no,2.41,2.7
Shaddharnachurnam Tablet,FGT063,30No,138.3,155,1 no,4.61,5.17
Sukhabhedi Gulika,FGT072,30nos,107,120,1 no,3.57,4
Suryaprabha*,FGT057,100nos,185,195,1 no,1.85,1.95
Suvarnamukthadi Gulika*,FGT050,100Nos,2552,2680,1 no,25.52,26.8
Swasandam Gulika*,FGT045,100nos,185,195,1 no,1.85,1.95
Swethagunjadi Gulika,FGT067,30nos,71,80,,,
Triphala Guggulu Tablet,FGT068,60nos,114,120,,,
Valiya Anthrakutaram Gulika*,FGT004,100nos,247,260,1 no,2.47,2.6
Valiya Marma Gulika*,FGT033,100nos,452,475,1 no,4.52,4.75
Vayyugulika,FGT039,100nos,1258,1410,1 no,12.58,14.1
Vettumaran Gulika*,FGT056,100nos,185,195,1 no,1.85,1.95
Vilwadi Gulika*,FGT042,100nos,380,400,1 no,3.8,4
Virechana Gulika*,FGT041,100nos,321,360,1 no,3.21,3.6
Yogaraja Guggulu Vatika*,FGT038,100nos,314,330,1 no,3.14,3.3
,,,,,,,
NEW GENARATION PRODUCT,,,,,,,
,,,,,,,
Product Name,Code,Unit,Basic Price,MRP,Loose Unit,Basic Price,MRP
Acidact Tablet,FGK700,100nos,415,465,1 no,4.15,4.65
C-Health granule,FGU705,250g,267.85,300,,,
C-Health Sugar Free granule,FGU706,250g,267.85,300,,,
Crackot Ointment,FGE703,25g,62.5,70,,,
Dhanwantharam Cream,FGE001,25g,49.1,55,,,
Eladi cream,FGE705,25g,62.5,70,,,
Geniekot Syrup,FGK712,200ml,142.85,160,,,
Glysikot granule,FGU701,150g,218.75,245,,,
Glysikot Tablet,FGK723,60Nos,178,200,,,
Gynakot,FGK706,100Nos,696,780,1 no,6.96,7.8
H.T.Kot,FGK715,100Nos,281,315,1 no,2.81,3.15
Haemkot Syrup,FGK716,200ml,125,140,,,
Indukantammritam Syrup,FGK300,200ml,160.7,180,,,
Keshyam Oil,FG0701,100ml,178.55,200,,,
Lactokot Granule,FGU708,200g,290.15,325,,,
Leutab Tablet,FGK709,100nos,477,535,1 no,4.77,5.35
Livokot Tablet,FGK701,100nos,468,525,1 no,4.68,5.25
Mensokot Syrup,FGK711,200ml,133.9,150,,,
Mensokot Tablet,FGK710,100nos,629,705,1 no,6.29,7.05
Migrakot Oil,FG0700,100ml,142.85,160,,,
Migrakot Tablet,FGK702,100nos,415,465,1 no,4.15,4.65
Ostikot Tablet,FGK707,100nos,517,580,1 no,5.17,5.8
Pilocid Tablet,FGK703,100nos,441,495,1 no,4.41,4.95
Pilocid Gel,FGE700,25g,62.5,70,,,
Psorakot Gel,FGE701,25g,62.5,70,,,
Psorakot Gel,FGE709,50g,120.5,135,,,
Psorakot Tablet,FGK704,100nos,571,640,1 no,5.71,6.4
Respikot Syrup,FGK719,200ml,98.2,110,,,
Respikot Tablet,FGK708,100nos,571,640,1 no,5.71,6.4
Rhukot Gel,FGE702,25g,62.5,70,,,
Rhukot Liniment,FG0704,60ml,129.45,145,,,
Rhukot Liniment,FG0702,100ml,205.35,230,,,
Rhukot Plus Cream,FGE704,25g,71.4,80,,,
Rhukot Tablet,FGK705,100nos,508,570,1 no,5.08,5.7
Spermakot granule,FGU702,150g,357.1,400,,,
Spermakot Tablet,FGK718,100nos,325,365,1no,3.25,3.65
Talisule Granule,FGU700,100gm,84.8,95,,,
Triphala Tablet*,FGK717,60nos,147,155,,,
Vasakot SF Syrup,FGK720,100ml,71.4,80,,,
Vasakot Syrup,FGK714,100ml,71.4,80,,,
,,,,,,,
OTHER PATENT and properity medicine,,,,,,,
Medicine Name,Code,Unit,Basic Price,MRP,Loose Unit,Basic Price,MRP
Aswagandha Tablet,FGK721,60nos,133.33,140,,,
Atmagupta Tablet,FGK724,60nos,219.04,230,,,
Murivenna Cream,FGE713,30G,85.7,90,,,
Brahmi Caps,FGS001,60nos,178.5,200,,,
Carmikot,FGM001,200ml,89.25,100,,,
Guggulu Tablet,FGK725,60nos,190.47,200,,,
Nostricap,FGS002,100nos,535,600,1 no,5.35,6
Potikkizhi Choornapindam,FGC701,1nos,267.8,300,,,
Samsamani Vati (Sidhi Esant),FGK722,60nos,133.33,140,,,
Swarnabinduprasam,FGG162,10ml,666.65,700,1ml,85.7,90
,,,,,,,
PERSONAL CARE,,,,,,,
,,,,,,,
Product Name,Code,Unit,Basic Price,MRP,,,
Ayush Kwath Churnam*,FGC354,100g,142.85,150,,,
Chyavanules,FGU710,250g,267.85,300,,,
C-Health Forte,FGU709,200g,223.2,250,,,
Pain Balm,FGE002,25g,71.4,80,,,
Pain Spray,FGE007,60ml,133.9,150,,,
Vibha Hair Care Cream**,FGE707,100g,177.95,210,,,
Vibha Skin Care Cream**,FGE708,25g,67.75,80,,,
Vibha Ayurvedic bath soap**,FGK120,75g,42.3,50,,,
Kottakkal Ayurveda Aswas Inhaler,FGS707,1Nos,44.6,50,,,
Kottakkal Ayurveda Skin Care Soap**,FGP001,75g,38.1,45,,,
Kottakkal Ayurveda Skin Protection Soap**,FGP002,75g,38.1,45,,,
Kottakkal Ayurveda Baby Glow Soap**,FGP003,75g,42.3,50,,,
Kottakkal Ayurveda Baby Oil (Virgin Coconut Oil)**,FGP011,100ml,148.3,175,,,
Kottakkal Ayurveda Hair Nourishing Shampoo**,FGP013,4ml,1.65,2,,,
Kottakkal Ayurveda Hair Nourishing Shampoo**,FGP015,100ml,72,85,,,
Kottakkal Ayurveda Hair Nourishing Shampoo**,FGP016,200ml,131.35,155,,,
Kottakkal Ayurveda Hair Nourishing Oil**,FG0501,150ml,309.3,365,,,
Kottakkal Ayurveda Anti Dandruff Hair Oil**,FG0502,150ml,309.3,365,,,
Kottakkal Ayurveda Anti Dandruff Shampoo**,FGP019,4ml,1.65,2,,,
Kottakkal Ayurveda Anti Dandruff Shampoo**,FGP017,100ml,80.5,95,,,
Kottakkal Ayurveda Anti Dandruff Shampoo**,FGP018,200ml,152.5,180,,,
Saffronsilk**,FGP025,10ml,783.85,925,,,
Saffronglow**,FGP025,1Nos,211.8,250,,,
,,,,,,,
EXTRA MEDICINE,,,,,,,
Medicine Name,Code,Unit,Basic Price,MRP,,,
EXERFER,ABC,10NOS,0,55,,,
CERVILION,ABC,10NOS,0,120,,,
Misrakasneha SITHARAM,ABC,4NOS,0,36,,,
LUMBATON PLAIN,ABC,10NOS,0,68.5,,,
LUMBATON PLUS,ABC,10NOS,0,121,,,
ANULOMA DS,ABC,10NOS,0,62.5,,,
ZEOTONE,ABC,10NOS,0,110,,,
BURCALVIN,ABC,10NOS,0,115,,,
THREYODESHANGAM GULUGULU,ABC,15NOS,0,50.25,,,
KOMBANCHADI,ABC,200Nos,0,480,,,
AMRUTAGULGULU,ABC,15NOS,0,45,,,
HISTANTIN,ABC,10NOS,0,55,,,
BIOGEST,ABC,10NOS,0,60,,,
KM LEPAM,ABC,20G,0,90,,,
RASOTHAMADI LEPAM,ABC,15G,0,65,,,
STIFAIN,ABC,20NOS,0,225,,,
ULSET,ABC,100ML,0,150,,,
ORTHO HERB OIL,ABC,100ML,0,140,,,
KUMKUMADI LEPANA,ABC,15G,0,100,,,
THENGINPOOKULA LEHYAM SITARAM,ABC,400G,0,230,,,
THENGINPOOKULA KANDAM KULATHI,ABC,500G,0,280,,,
DAHATHEERTHAM,ABC,50G,0,65,,,
CASTOR OIL,ABC,100ML,0,60,,,
NEEM OIL(VEPANA),ABC,100ML,0,70,,,
MULTANIMITI ,ABC,100G,0,20,,,
MULTANIMITI (KAKANAD),ABC,30G,0,30,,,
KASTHURI MANJAL,ABC,40G,0,20,,,
NELIKA POWDER,ABC,40G,0,30,,,
PACHA KARPURAM,ABC,30G,0,40,,,
CHENNINAYAKAM,ABC,20G,0,20,,,
NALPAMARAM,ABC,40G,0,20,,,
MYLANCHI PODI,ABC,40G,0,30,,,
RECTHA CHANDANAM,ABC,25G,0,40,,,
NALPAMARA CHURANAM,ABC,40G,0,20,,,
KARI GEERAKAM,ABC,30G,0,30,,,
AYAMODAKAM,ABC,30G,0,30,,,
POTHIN DRAVAKAM,ABC,450ML,0,90,,,
MAHISHA DRAVAKAM SITARAM,ABC,450ML,0,100,,,
AGMODARKAM,ABC,450ML,0,90,,,
BOTTLE,ABC,200ML,0,6,,,
OUSNS GLASS,ABC,1NOS,0,50,,,